acc_ref,beat_no,severity,no_vehicle,no_casualt,a_date,a_day,a_date_day,a_date_mon,a_date_yr,a_time_hr,a_time_min,loc_auth,road1_class,road1_no,road_type,speed_limi,junc_det,junc_ctrl,road2_class,road2_no,light_cond,weather,road_surf,spec_cond,cway_hzrds,ovrtk_patrn,easting,northing,net_id,net_type,acc_type,text_id,division,Postcode,ped_xing_hc,ped_xing_p,place_reported
276312,,Slight,1,1,19/05/2012,Saturday,19,May,12,17,20,230,A,901,Single carriageway - 2 lanes,30,Not at or within 20 metres of junction,unset,\,,Daylight: street lights present,Fine (without high winds),Dry,None,None,No overtaking,326550,676380,558782,Segment,Pedestrian,365633,unset,EH65LT,No crossing facility within 50m or physical crossing facility not controlled by authorised person,No physical crossing facility within 50m,At scene
277812,,Slight,1,1,20/05/2012,Sunday,20,May,12,18,0,230,B,700,Single carriageway - 2 lanes,30,Not at or within 20 metres of junction,unset,\,,Daylight: street lights present,Fine (without high winds),Dry,None,None,No overtaking,324660,673180,566213,Segment,Pedestrian,365634,unset,EH38BL,No crossing facility within 50m or physical crossing facility not controlled by authorised person,No physical crossing facility within 50m,At scene
278012,,Slight,1,1,20/05/2012,Sunday,20,May,12,17,15,230,A,7,Single carriageway - 2 lanes,30,Crossroads,Automatic Traffic Signal,C,,Daylight: street lights present,Fine (without high winds),Dry,None,None,No overtaking,325930,673680,521103,Junction,Pedestrian,365635,unset,EH11QN,No crossing facility within 50m or physical crossing facility not controlled by authorised person,"Pelican, puffin, toucan or similar non-junction pedestrian light crossing",At scene
278212,,Slight,2,1,21/05/2012,Monday,21,May,12,7,45,230,A,8,Dual carriageway - 2 lanes,40,'T' or staggered junction,Give way sign or markings,Unclassified,,Daylight: no street lighting,Fine (without high winds),Dry,None,None,No overtaking,312740,672660,517552,Junction,T.V.N.P.,365636,unset,EH288TA,No crossing facility within 50m or physical crossing facility not controlled by authorised person,No physical crossing facility within 50m,At scene
278712,,Slight,2,1,20/05/2012,Sunday,20,May,12,13,30,230,A,8,Dual carriageway - 2 lanes,30,Not at or within 20 metres of junction,unset,\,,Daylight: no street lighting,Fine (without high winds),Dry,None,None,No overtaking,317940,672720,9659466,Segment,T.V.N.P.,365637,unset,EH128ND,No crossing facility within 50m or physical crossing facility not controlled by authorised person,No physical crossing facility within 50m,At scene
279112,,Slight,2,1,21/05/2012,Monday,21,May,12,9,27,230,Unclassified,,Single carriageway - 2 lanes,30,Not at or within 20 metres of junction,unset,\,,Daylight: street lights present,Fine (without high winds),Dry,None,None,No overtaking,326380,672070,563095,Segment,T.V.N.P.,365638,unset,EH91PR,No crossing facility within 50m or physical crossing facility not controlled by authorised person,No physical crossing facility within 50m,At scene
279512,,Slight,2,1,18/05/2012,Friday,18,May,12,13,30,230,Unclassified,,Single carriageway - 2 lanes,30,Crossroads,Automatic Traffic Signal,C,,Daylight: street lights present,Raining (without high winds),Dry,None,None,No overtaking,329750,673320,523641,Junction,Cyclist,365639,unset,EH151NE,No crossing facility within 50m or physical crossing facility not controlled by authorised person,Pedestrian phase at traffic signal junction,Elsewhere
280612,,Serious,1,1,22/05/2012,Tuesday,22,May,12,9,7,230,C,,Single carriageway - 2 lanes,30,Not at or within 20 metres of junction,unset,\,,Daylight: street lights present,Fine (without high winds),Dry,None,None,No overtaking,326660,671330,563146,Segment,Bus,365640,unset,EH93AF,No crossing facility within 50m or physical crossing facility not controlled by authorised person,No physical crossing facility within 50m,At scene
281312,,Slight,2,3,22/05/2012,Tuesday,22,May,12,12,34,230,A,8,Dual carriageway - 2 lanes,40,Not at or within 20 metres of junction,unset,\,,Daylight: street lights present,Fine (without high winds),Dry,None,None,No overtaking,318090,672740,550908,Segment,Bus,365641,unset,EH128LS,Control by other authorised person,Pedestrian phase at traffic signal junction,At scene
282712,,Slight,1,1,22/05/2012,Tuesday,22,May,12,15,48,230,Unclassified,,Single carriageway - 2 lanes,30,'T' or staggered junction,Give way sign or markings,Unclassified,,Daylight: street lights present,Fine (without high winds),Dry,None,None,No overtaking,319630,674350,520368,Junction,Bus,365642,unset,EH47HQ,No crossing facility within 50m or physical crossing facility not controlled by authorised person,No physical crossing facility within 50m,At scene
282912,,Serious,2,1,22/05/2012,Tuesday,22,May,12,11,35,230,A,8,Single carriageway - 2 lanes,30,Not at or within 20 metres of junction,unset,\,,Daylight: street lights present,Fine (without high winds),Dry,None,None,No overtaking,323900,673220,550607,Segment,Cyclist,365643,unset,EH125JZ,No crossing facility within 50m or physical crossing facility not controlled by authorised person,No physical crossing facility within 50m,Elsewhere
283212,,Slight,2,1,22/05/2012,Tuesday,22,May,12,15,55,230,B,701,Single carriageway - 2 lanes,30,Other junction,Automatic Traffic Signal,C,,Daylight: street lights present,Fine (without high winds),Dry,None,None,No overtaking,328310,668470,530311,Junction,Cyclist,365644,unset,EH178JB,No crossing facility within 50m or physical crossing facility not controlled by authorised person,Pedestrian phase at traffic signal junction,At scene
283312,,Slight,1,1,23/05/2012,Wednesday,23,May,12,13,35,230,A,701,Single carriageway - 2 lanes,30,Not at or within 20 metres of junction,unset,\,,Daylight: street lights present,Fine (without high winds),Dry,None,None,No overtaking,327280,668230,570773,Segment,Bus,365645,unset,EH166PJ,No crossing facility within 50m or physical crossing facility not controlled by authorised person,No physical crossing facility within 50m,At scene
283812,,Slight,2,1,22/05/2012,Tuesday,22,May,12,16,5,230,A,1,Roundabout,30,Roundabout,Give way sign or markings,A,1,Daylight: street lights present,Fine (without high winds),Dry,None,None,No overtaking,331210,672880,521496,Junction,T.V.N.P.,365646,unset,EH153QH,No crossing facility within 50m or physical crossing facility not controlled by authorised person,Pedestrian phase at traffic signal junction,Elsewhere
283912,,Slight,1,1,23/05/2012,Wednesday,23,May,12,15,45,230,A,702,Single carriageway - 2 lanes,30,Not at or within 20 metres of junction,unset,\,,Daylight: street lights present,Fine (without high winds),Dry,None,None,No overtaking,324740,673540,520950,Junction,Bus,365647,unset,EH12DA,No crossing facility within 50m or physical crossing facility not controlled by authorised person,No physical crossing facility within 50m,Elsewhere
284412,,Serious,1,1,23/05/2012,Wednesday,23,May,12,13,8,230,Unclassified,,Single carriageway - 2 lanes,30,'T' or staggered junction,Give way sign or markings,Unclassified,,Daylight: street lights present,Fine (without high winds),Dry,None,None,No overtaking,325690,673320,521541,Junction,Pedestrian,365648,unset,EH11EN,No crossing facility within 50m or physical crossing facility not controlled by authorised person,Central refuge - no other controls,At scene
285312,,Slight,1,1,24/03/2012,Saturday,24,March,12,8,51,230,A,901,Single carriageway - 2 lanes,30,Not at or within 20 metres of junction,unset,\,,Daylight: no street lighting,Fine (without high winds),Dry,None,None,No overtaking,323780,677100,0,Unset,S.V.N.P.,354734,unset,EH51EY,No crossing facility within 50m or physical crossing facility not controlled by authorised person,No physical crossing facility within 50m,At scene
286512,,Slight,1,1,23/05/2012,Wednesday,23,May,12,12,35,230,A,6106,Single carriageway - 2 lanes,30,Not at or within 20 metres of junction,unset,\,,Daylight: street lights present,Fine (without high winds),Dry,None,None,No overtaking,330460,671980,6443317,Segment,Bus,365649,unset,EH153EH,No crossing facility within 50m or physical crossing facility not controlled by authorised person,No physical crossing facility within 50m,Elsewhere
286812,,Serious,1,1,24/05/2012,Thursday,24,May,12,19,0,230,A,900,Single carriageway - 2 lanes,30,'T' or staggered junction,Give way sign or markings,Unclassified,,Daylight: street lights present,Fine (without high winds),Dry,None,None,No overtaking,326510,675070,2578457,Junction,Pedestrian,365650,unset,EH74PF,No crossing facility within 50m or physical crossing facility not controlled by authorised person,No physical crossing facility within 50m,At scene
288012,,Slight,2,1,24/05/2012,Thursday,24,May,12,15,0,230,Unclassified,,Single carriageway - 2 lanes,30,Not at or within 20 metres of junction,unset,\,,Daylight: street lights present,Fine (without high winds),Dry,None,None,No overtaking,321530,674340,565691,Segment,Cyclist,365651,unset,EH43PQ,No crossing facility within 50m or physical crossing facility not controlled by authorised person,No physical crossing facility within 50m,Elsewhere
288312,,Slight,1,1,25/05/2012,Friday,25,May,12,13,50,230,Unclassified,,Single carriageway - 2 lanes,30,Crossroads,Automatic Traffic Signal,Unclassified,,Daylight: street lights present,Fine (without high winds),Dry,None,None,No overtaking,326150,675750,519448,Junction,Pedestrian,365652,unset,EH65PU,Control by other authorised person,Pedestrian phase at traffic signal junction,Elsewhere
289612,,Slight,2,1,25/05/2012,Friday,25,May,12,7,50,230,A,8,Single carriageway - 2 lanes,30,Other junction,Give way sign or markings,Unclassified,,Daylight: street lights present,Fine (without high winds),Dry,None,None,No overtaking,322620,673210,521277,Junction,Cyclist,365653,unset,EH126DE,No crossing facility within 50m or physical crossing facility not controlled by authorised person,No physical crossing facility within 50m,Elsewhere
289712,,Slight,1,1,26/05/2012,Saturday,26,May,12,11,10,230,A,900,Single carriageway - 2 lanes,30,Not at or within 20 metres of junction,unset,\,,Daylight: street lights present,Fine (without high winds),Dry,None,None,No overtaking,326940,675860,0,Unset,Bus,365654,unset,EH68LN,No crossing facility within 50m or physical crossing facility not controlled by authorised person,Pedestrian phase at traffic signal junction,At scene
290612,,Slight,1,1,25/05/2012,Friday,25,May,12,14,15,230,Unclassified,,Single carriageway - 2 lanes,30,Not at or within 20 metres of junction,unset,\,,Daylight: street lights present,Fine (without high winds),Dry,None,None,No overtaking,324340,675370,12232805,Segment,Pedestrian,365655,unset,EH35NY,No crossing facility within 50m or physical crossing facility not controlled by authorised person,No physical crossing facility within 50m,At scene
290812,,Slight,1,1,04/04/2012,Wednesday,4,April,12,14,45,230,A,901,Single carriageway - 2 lanes,30,Other junction,Automatic Traffic Signal,Unclassified,,Daylight: street lights present,Fine (without high winds),Dry,None,None,No overtaking,325590,677070,0,Unset,Bus,357036,unset,EH64LX,No crossing facility within 50m or physical crossing facility not controlled by authorised person,Pedestrian phase at traffic signal junction,Elsewhere
292412,,Slight,2,1,28/05/2012,Monday,28,May,12,7,50,230,Unclassified,,Single carriageway - 2 lanes,30,Not at or within 20 metres of junction,unset,\,,Daylight: street lights present,Fine (without high winds),Dry,None,None,No overtaking,325670,672430,12219985,Segment,Cyclist,365656,unset,EH91JT,No crossing facility within 50m or physical crossing facility not controlled by authorised person,No physical crossing facility within 50m,Elsewhere
292912,,Slight,2,1,15/05/2012,Tuesday,15,May,12,16,25,230,C,,Single carriageway - 2 lanes,30,Other junction,Give way sign or markings,Unclassified,,Daylight: street lights present,Fine (without high winds),Dry,None,None,No overtaking,326950,674680,520278,Junction,Cyclist,365657,unset,EH75PL,Control by school crossing patrol,Pedestrian phase at traffic signal junction,At scene
293312,,Slight,3,1,19/05/2012,Saturday,19,May,12,16,45,230,C,,Single carriageway - 2 lanes,30,Crossroads,Automatic Traffic Signal,C,,Daylight: street lights present,Fine (without high winds),Dry,None,None,No overtaking,323670,672460,533383,Junction,M.V.N.P.,365658,unset,EH112EQ,No crossing facility within 50m or physical crossing facility not controlled by authorised person,Pedestrian phase at traffic signal junction,At scene
293412,,Slight,2,1,27/05/2012,Sunday,27,May,12,1,45,230,Unclassified,,Single carriageway - 2 lanes,30,Crossroads,Give way sign or markings,Unclassified,,Darkness: street lights present and lit,Fine (without high winds),Dry,None,None,No overtaking,323660,673710,520875,Junction,T.V.N.P.,365659,unset,EH43DQ,No crossing facility within 50m or physical crossing facility not controlled by authorised person,No physical crossing facility within 50m,At scene
293512,,Slight,1,1,25/05/2012,Friday,25,May,12,15,30,230,C,,Unknown,30,Not at or within 20 metres of junction,unset,\,,Daylight: street lights present,Fine (without high winds),Dry,None,None,No overtaking,325660,673580,521118,Junction,Pedestrian,365660,unset,EH11RF,No crossing facility within 50m or physical crossing facility not controlled by authorised person,No physical crossing facility within 50m,Elsewhere
293812,,Slight,2,1,27/05/2012,Sunday,27,May,12,17,15,230,A,7,Single carriageway - 2 lanes,30,'T' or staggered junction,Automatic Traffic Signal,Unclassified,,Daylight: street lights present,Fine (without high winds),Dry,None,None,No overtaking,326000,673420,521589,Junction,T.V.N.P.,365661,unset,EH11LL,No crossing facility within 50m or physical crossing facility not controlled by authorised person,No physical crossing facility within 50m,Elsewhere
294012,,Slight,2,2,28/05/2012,Monday,28,May,12,15,55,230,Unclassified,,Single carriageway - 2 lanes,30,Crossroads,Give way sign or markings,Unclassified,,Daylight: no street lighting,Fine (without high winds),Dry,None,None,No overtaking,320880,669060,0,Unset,T.V.N.P.,365662,unset,EH130LP,No crossing facility within 50m or physical crossing facility not controlled by authorised person,No physical crossing facility within 50m,At scene
294212,,Serious,2,1,05/05/2012,Saturday,5,May,12,8,48,230,C,,Roundabout,30,Roundabout,Give way sign or markings,Unclassified,,Daylight: street lights present,Fine (without high winds),Dry,None,None,No overtaking,325360,674040,520506,Junction,Cyclist,365663,unset,EH22PA,No crossing facility within 50m or physical crossing facility not controlled by authorised person,No physical crossing facility within 50m,At scene
295212,,Serious,2,1,28/05/2012,Monday,28,May,12,17,10,230,B,901,Single carriageway - 2 lanes,30,Not at or within 20 metres of junction,unset,\,,Daylight: no street lighting,Fine (without high winds),Dry,None,None,No overtaking,325310,675040,566873,Segment,Cyclist,365664,unset,EH35LH,No crossing facility within 50m or physical crossing facility not controlled by authorised person,Pedestrian phase at traffic signal junction,At scene
295412,,Slight,2,1,28/05/2012,Monday,28,May,12,15,30,230,A,70,Single carriageway - 2 lanes,40,Not at or within 20 metres of junction,unset,\,,Daylight: no street lighting,Fine (without high winds),Dry,None,None,No overtaking,321410,670190,529969,Junction,T.V.N.P.,365665,unset,EH142LU,No crossing facility within 50m or physical crossing facility not controlled by authorised person,No physical crossing facility within 50m,At scene
295512,,Slight,1,1,29/05/2012,Tuesday,29,May,12,8,45,230,Unclassified,,Single carriageway - 2 lanes,30,Not at or within 20 metres of junction,unset,\,,Daylight: no street lighting,Fine (without high winds),Dry,None,None,No overtaking,328730,672710,0,Unset,Pedestrian,365666,unset,EH151ST,No crossing facility within 50m or physical crossing facility not controlled by authorised person,No physical crossing facility within 50m,Elsewhere
295712,,Serious,1,1,28/05/2012,Monday,28,May,12,8,25,230,Unclassified,,Single carriageway - 2 lanes,30,Not at or within 20 metres of junction,unset,\,,Daylight: no street lighting,Fine (without high winds),Dry,None,Other object in carriageway,No overtaking,324410,670920,12227625,Segment,Cyclist,365667,unset,EH105JB,No crossing facility within 50m or physical crossing facility not controlled by authorised person,No physical crossing facility within 50m,Elsewhere
299512,,Slight,2,2,30/05/2012,Wednesday,30,May,12,10,45,230,A,90,Single carriageway - 2 lanes,40,Not at or within 20 metres of junction,unset,\,,Daylight: street lights present,Raining (without high winds),Dry,None,None,No overtaking,321210,675020,522330,Junction,T.V.N.P.,365668,unset,EH45EF,No crossing facility within 50m or physical crossing facility not controlled by authorised person,No physical crossing facility within 50m,At scene
300212,,Slight,1,1,30/05/2012,Wednesday,30,May,12,16,30,230,A,6095,Single carriageway - 2 lanes,30,Other junction,Give way sign or markings,Unclassified,,Daylight: street lights present,Fine (without high winds),Dry,None,None,No overtaking,331890,671850,522969,Junction,Pedestrian,365669,unset,EH218RB,No crossing facility within 50m or physical crossing facility not controlled by authorised person,No physical crossing facility within 50m,Elsewhere
300912,,Serious,1,1,31/05/2012,Thursday,31,May,12,9,35,230,Unclassified,,Single carriageway - 2 lanes,30,Not at or within 20 metres of junction,unset,\,,Daylight: street lights present,Other,Dry,None,None,No overtaking,312750,678420,3948312,Segment,Bus,365670,unset,EH309RE,No crossing facility within 50m or physical crossing facility not controlled by authorised person,No physical crossing facility within 50m,At scene
301112,,Slight,2,1,31/05/2012,Thursday,31,May,12,8,0,230,A,90,Single carriageway - 2 lanes,40,Not at or within 20 metres of junction,unset,\,,Daylight: street lights present,Raining (without high winds),Dry,None,None,No overtaking,318480,674980,555447,Segment,T.V.N.P.,365671,unset,EH46AT,No crossing facility within 50m or physical crossing facility not controlled by authorised person,Pedestrian phase at traffic signal junction,At scene
301312,,Slight,2,2,31/05/2012,Thursday,31,May,12,6,50,230,Unclassified,,Single carriageway - 2 lanes,30,Not at or within 20 metres of junction,unset,\,,Daylight: no street lighting,Fine (without high winds),Dry,None,None,No overtaking,313020,678330,3948181,Segment,T.V.N.P.,365672,unset,EH309LH,No crossing facility within 50m or physical crossing facility not controlled by authorised person,No physical crossing facility within 50m,At scene
301412,,Slight,2,1,26/05/2012,Saturday,26,May,12,0,30,230,A,7,Single carriageway - 2 lanes,30,'T' or staggered junction,Give way sign or markings,Unclassified,,Darkness: street lights present and lit,Fine (without high winds),Dry,None,None,No overtaking,325950,673600,521106,Junction,T.V.N.P.,365673,unset,EH11HN,No crossing facility within 50m or physical crossing facility not controlled by authorised person,Pedestrian phase at traffic signal junction,At scene
301712,,Slight,1,1,14/04/2012,Saturday,14,April,12,19,0,230,Unclassified,,Single carriageway - 2 lanes,30,Using private drive or entrance,Give way sign or markings,Unclassified,,Daylight: street lights present,Fine (without high winds),Dry,None,None,No overtaking,326660,674550,12222458,Segment,Pedestrian,357037,unset,EH75EE,No crossing facility within 50m or physical crossing facility not controlled by authorised person,No physical crossing facility within 50m,Elsewhere
302012,,Slight,2,1,31/05/2012,Thursday,31,May,12,18,15,230,A,1,Single carriageway - 2 lanes,40,Not at or within 20 metres of junction,unset,\,,Daylight: street lights present,Raining (without high winds),Dry,None,None,No overtaking,331130,672910,2106355,Segment,T.V.N.P.,365674,unset,EH153BA,No crossing facility within 50m or physical crossing facility not controlled by authorised person,No physical crossing facility within 50m,At scene
303012,,Slight,2,1,30/05/2012,Wednesday,30,May,12,7,45,230,Unclassified,,Single carriageway - 2 lanes,30,'T' or staggered junction,Give way sign or markings,Unclassified,,Daylight: street lights present,Raining (without high winds),Dry,None,None,No overtaking,326310,673170,521595,Junction,Cyclist,365675,unset,EH89RR,No crossing facility within 50m or physical crossing facility not controlled by authorised person,Central refuge - no other controls,Elsewhere
303512,,Slight,3,1,01/06/2012,Friday,1,June,12,13,10,230,A,90,Single carriageway - 2 lanes,30,Not at or within 20 metres of junction,unset,\,,Daylight: street lights present,Fine (without high winds),Dry,None,None,No overtaking,324170,674210,555594,Segment,M.V.N.P.,354932,unset,EH43AA,No crossing facility within 50m or physical crossing facility not controlled by authorised person,No physical crossing facility within 50m,At scene
303612,,Slight,2,1,01/06/2012,Friday,1,June,12,14,0,230,C,,Single carriageway - 2 lanes,30,'T' or staggered junction,Give way sign or markings,Unclassified,,Darkness: street lights present but unlit,Fine (without high winds),Dry,None,None,No overtaking,323820,672110,533389,Junction,Cyclist,354933,unset,EH111LH,No crossing facility within 50m or physical crossing facility not controlled by authorised person,No physical crossing facility within 50m,At scene
303812,,Serious,1,1,01/06/2012,Friday,1,June,12,13,15,230,C,,Roundabout,30,Roundabout,Authorised Person,C,,Daylight: street lights present,Fine (without high winds),Dry,None,None,No overtaking,325330,674030,520509,Junction,Pedestrian,354934,unset,EH22HN,No crossing facility within 50m or physical crossing facility not controlled by authorised person,Pedestrian phase at traffic signal junction,At scene
303912,,Slight,1,1,01/06/2012,Friday,1,June,12,13,0,230,Unclassified,,Single carriageway - 2 lanes,30,Other junction,Give way sign or markings,A,900,Daylight: street lights present,Fine (without high winds),Dry,None,None,No overtaking,326940,675830,522318,Junction,Pedestrian,354935,unset,EH68LS,No crossing facility within 50m or physical crossing facility not controlled by authorised person,No physical crossing facility within 50m,At scene
304412,,Slight,2,1,01/06/2012,Friday,1,June,12,16,52,230,Motorway,8,Dual carriageway - 2 lanes,70,Not at or within 20 metres of junction,unset,\,,Daylight: street lights present,Fine (without high winds),Dry,None,None,No overtaking,317840,670750,6452850,Segment,T.V.N.P.,354936,unset,EH129BU,No crossing facility within 50m or physical crossing facility not controlled by authorised person,No physical crossing facility within 50m,At scene
304512,,Serious,2,1,02/06/2012,Saturday,2,June,12,0,1,230,Unclassified,,Single carriageway - 2 lanes,30,Crossroads,Automatic Traffic Signal,C,,Darkness: street lights present and lit,Fine (without high winds),Dry,None,None,No overtaking,323680,672450,533383,Junction,T.V.N.P.,354937,unset,EH111EF,Control by other authorised person,Pedestrian phase at traffic signal junction,At scene
305512,,Fatal,1,1,03/06/2012,Sunday,3,June,12,0,10,230,A,7,Single carriageway - 2 lanes,40,Not at or within 20 metres of junction,unset,\,,Darkness: street lights present and lit,Fine (without high winds),Dry,None,None,No overtaking,330020,669440,568027,Segment,Pedestrian,354938,unset,EH164SR,No crossing facility within 50m or physical crossing facility not controlled by authorised person,No physical crossing facility within 50m,At scene
306012,,Slight,7,1,02/06/2012,Saturday,2,June,12,13,30,230,A,90,Single carriageway - 2 lanes,40,Multiple junction,Automatic Traffic Signal,A,902,Daylight: no street lighting,Fine (without high winds),Dry,None,None,No overtaking,321540,674910,520032,Junction,M.V.N.P.,354939,unset,EH43RE,No crossing facility within 50m or physical crossing facility not controlled by authorised person,Pedestrian phase at traffic signal junction,At scene
308812,,Serious,1,2,04/06/2012,Monday,4,June,12,8,25,230,C,,Single carriageway - 2 lanes,30,'T' or staggered junction,Give way sign or markings,Unclassified,,Daylight: street lights present,Fine (without high winds),Dry,None,None,No overtaking,327920,669850,518545,Junction,Pedestrian,354940,unset,EH166BW,No crossing facility within 50m or physical crossing facility not controlled by authorised person,No physical crossing facility within 50m,At scene
309512,,Slight,2,1,04/06/2012,Monday,4,June,12,6,30,230,C,,Single carriageway - 2 lanes,30,Not at or within 20 metres of junction,unset,\,,Daylight: street lights present,Fine (without high winds),Dry,None,None,No overtaking,322480,672340,559251,Segment,T.V.N.P.,354941,unset,EH112SJ,No crossing facility within 50m or physical crossing facility not controlled by authorised person,No physical crossing facility within 50m,Elsewhere
310512,,Slight,1,1,05/06/2012,Tuesday,5,June,12,12,45,230,Unclassified,,Single carriageway - 2 lanes,30,'T' or staggered junction,Give way sign or markings,Unclassified,,Daylight: street lights present,Fine (without high winds),Dry,None,None,No overtaking,327640,674300,520752,Junction,Pedestrian,354942,unset,EH76AE,No crossing facility within 50m or physical crossing facility not controlled by authorised person,No physical crossing facility within 50m,At scene
310612,,Slight,2,1,05/06/2012,Tuesday,5,June,12,13,0,230,Unclassified,,Single carriageway - 2 lanes,30,Not at or within 20 metres of junction,unset,\,,Daylight: street lights present,Fine (without high winds),Dry,None,None,No overtaking,322230,673350,565634,Segment,Cyclist,354943,unset,EH126HZ,No crossing facility within 50m or physical crossing facility not controlled by authorised person,No physical crossing facility within 50m,At scene
311312,,Serious,2,1,01/06/2012,Friday,1,June,12,8,45,230,Unclassified,,Single carriageway - 2 lanes,30,Crossroads,Give way sign or markings,Unclassified,,Daylight: street lights present,Fine (without high winds),Dry,None,Other object in carriageway,No overtaking,324220,673710,10258599,Junction,Cyclist,354944,unset,EH37HR,No crossing facility within 50m or physical crossing facility not controlled by authorised person,No physical crossing facility within 50m,Elsewhere
312312,,Slight,1,1,06/06/2012,Wednesday,6,June,12,9,0,230,Unclassified,,Single carriageway - 2 lanes,30,Crossroads,Give way sign or markings,Unclassified,,Daylight: street lights present,Raining (without high winds),Dry,None,None,No overtaking,323450,671640,522249,Junction,Pedestrian,354945,unset,EH111RT,No crossing facility within 50m or physical crossing facility not controlled by authorised person,No physical crossing facility within 50m,At scene
314412,,Slight,2,1,07/06/2012,Thursday,7,June,12,9,5,230,Unclassified,,Single carriageway - 2 lanes,20,'T' or staggered junction,Give way sign or markings,Unclassified,,Daylight: street lights present,Fine (without high winds),Dry,None,None,No overtaking,326980,674390,520734,Junction,Cyclist,354946,unset,EH75DL,No crossing facility within 50m or physical crossing facility not controlled by authorised person,No physical crossing facility within 50m,At scene
314612,,Slight,2,1,02/06/2012,Saturday,2,June,12,17,25,230,A,8,Single carriageway - 2 lanes,30,Other junction,Give way sign or markings,Unclassified,,Daylight: street lights present,Fine (without high winds),Dry,None,None,No overtaking,322140,673150,521247,Junction,T.V.N.P.,354947,unset,EH126HS,No crossing facility within 50m or physical crossing facility not controlled by authorised person,No physical crossing facility within 50m,At scene
315112,,Slight,2,1,07/06/2012,Thursday,7,June,12,15,15,230,C,,Single carriageway - 2 lanes,30,Not at or within 20 metres of junction,unset,\,,Daylight: no street lighting,Other,Dry,None,None,No overtaking,325120,673230,2106547,Segment,Cyclist,354948,unset,EH12LE,No crossing facility within 50m or physical crossing facility not controlled by authorised person,No physical crossing facility within 50m,At scene
315512,,Slight,2,1,07/06/2012,Thursday,7,June,12,9,30,230,Motorway,8,Roundabout,70,Roundabout,Automatic Traffic Signal,Motorway,8,Daylight: street lights present,Fine (without high winds),Dry,None,None,No overtaking,318190,670990,6453709,Junction,T.V.N.P.,354949,unset,EH129BU,No crossing facility within 50m or physical crossing facility not controlled by authorised person,No physical crossing facility within 50m,At scene
316912,,Slight,3,1,08/06/2012,Friday,8,June,12,8,50,230,Unclassified,,Single carriageway - 2 lanes,30,Not at or within 20 metres of junction,unset,\,,Daylight: street lights present,Fine (without high winds),Dry,None,None,No overtaking,324050,673580,565907,Segment,M.V.N.P.,354950,unset,EH37EN,Control by other authorised person,Pedestrian phase at traffic signal junction,At scene
318312,,Slight,3,1,07/06/2012,Thursday,7,June,12,15,15,230,Unclassified,,Single carriageway - 2 lanes,30,Using private drive or entrance,unset,\,,Daylight: street lights present,Raining (without high winds),Dry,None,None,No overtaking,319390,670750,562765,Segment,M.V.N.P.,354951,unset,EH114HD,No crossing facility within 50m or physical crossing facility not controlled by authorised person,No physical crossing facility within 50m,At scene
319412,,Slight,2,1,09/06/2012,Saturday,9,June,12,18,5,230,C,,Single carriageway - 2 lanes,30,Crossroads,Automatic Traffic Signal,C,,Daylight: street lights present,Fine (without high winds),Dry,None,None,No overtaking,325090,674140,520548,Junction,Cyclist,354952,unset,EH21JX,No crossing facility within 50m or physical crossing facility not controlled by authorised person,Pedestrian phase at traffic signal junction,At scene
321812,,Serious,1,1,11/06/2012,Monday,11,June,12,0,33,230,C,,Single carriageway - 2 lanes,30,'T' or staggered junction,Give way sign or markings,Unclassified,,Darkness: street lights present and lit,Fine (without high winds),Dry,None,None,No overtaking,325970,673490,521577,Junction,Pedestrian,354953,unset,EH11NQ,No crossing facility within 50m or physical crossing facility not controlled by authorised person,No physical crossing facility within 50m,At scene
323012,,Slight,1,1,11/06/2012,Monday,11,June,12,19,40,230,A,7,Single carriageway - 2 lanes,30,'T' or staggered junction,Give way sign or markings,Unclassified,,Daylight: no street lighting,Fine (without high winds),Dry,None,None,No overtaking,326300,672690,532693,Junction,Pedestrian,354954,unset,EH89JG,Control by other authorised person,Pedestrian phase at traffic signal junction,At scene
323212,,Slight,2,1,06/06/2012,Wednesday,6,June,12,8,50,230,Unclassified,,Single carriageway - 2 lanes,30,Roundabout,Give way sign or markings,Unclassified,,Daylight: street lights present,Raining (without high winds),Dry,None,None,No overtaking,323420,671340,529591,Junction,Cyclist,354955,unset,EH105BT,Control by other authorised person,Pedestrian phase at traffic signal junction,Elsewhere