acc_ref,beat_no,severity,no_vehicle,no_casualt,a_date,a_day,a_date_day,a_date_mon,a_date_yr,a_time_hr,a_time_min,loc_auth,road1_class,road1_no,road_type,speed_limi,junc_det,junc_ctrl,road2_class,road2_no,light_cond,weather,road_surf,spec_cond,cway_hzrds,ovrtk_patrn,easting,northing,net_id,net_type,acc_type,text_id,division,Postcode,ped_xing_hc,ped_xing_p,place_reported
323612,,Slight,1,1,11/06/2012,Monday,11,June,12,11,40,230,A,772,Single carriageway - 2 lanes,30,Crossroads,Automatic Traffic Signal,B,701,Daylight: street lights present,Fine (without high winds),Dry,None,None,No overtaking,329230,668690,530257,Junction,Bus,354956,unset,EH178QQ,Control by other authorised person,Pedestrian phase at traffic signal junction,Elsewhere
323812,,Slight,2,1,11/06/2012,Monday,11,June,12,17,40,230,B,701,Roundabout,40,Roundabout,Give way sign or markings,Unclassified,,Daylight: no street lighting,Fine (without high winds),Dry,None,None,No overtaking,320180,669310,533254,Junction,Cyclist,354957,unset,EH143BR,Control by other authorised person,No physical crossing facility within 50m,At scene
324212,,Slight,2,1,06/06/2012,Wednesday,6,June,12,17,30,230,C,,Roundabout,30,Roundabout,Give way sign or markings,B,901,Daylight: no street lighting,Fine (without high winds),Dry,None,None,No overtaking,325740,674690,520209,Junction,Cyclist,354958,unset,EH74BL,Control by other authorised person,Pedestrian phase at traffic signal junction,At scene
325412,,Slight,1,1,12/06/2012,Tuesday,12,June,12,18,45,230,A,901,Single carriageway - 2 lanes,30,'T' or staggered junction,Give way sign or markings,Unclassified,,Daylight: street lights present,Fine (without high winds),Dry,None,None,No overtaking,326650,676260,531367,Junction,Pedestrian,354959,unset,EH65LQ,No crossing facility within 50m or physical crossing facility not controlled by authorised person,No physical crossing facility within 50m,Elsewhere
326412,,Slight,2,1,13/06/2012,Wednesday,13,June,12,14,15,230,C,,Single carriageway - 2 lanes,30,Not at or within 20 metres of junction,unset,\,,Daylight: street lights present,Fine (without high winds),Dry,None,None,No overtaking,323210,676870,559682,Segment,T.V.N.P.,354960,unset,EH51PE,No crossing facility within 50m or physical crossing facility not controlled by authorised person,No physical crossing facility within 50m,Elsewhere
327312,,Serious,3,1,13/06/2012,Wednesday,13,June,12,15,10,230,B,701,Single carriageway - 2 lanes,30,'T' or staggered junction,Give way sign or markings,Unclassified,,Daylight: street lighting unknown,Fine (without high winds),Dry,None,None,No overtaking,320920,668950,533428,Junction,M.V.N.P.,354961,unset,EH130LW,No crossing facility within 50m or physical crossing facility not controlled by authorised person,No physical crossing facility within 50m,At scene
327812,,Slight,2,1,14/06/2012,Thursday,14,June,12,7,30,230,Unclassified,,Single carriageway - 2 lanes,30,Not at or within 20 metres of junction,unset,\,,Daylight: street lights present,Fine (without high winds),Dry,None,None,No overtaking,324640,672440,0,Unset,Cyclist,354962,unset,EH104JL,No crossing facility within 50m or physical crossing facility not controlled by authorised person,No physical crossing facility within 50m,At scene
327912,,Slight,1,2,13/06/2012,Wednesday,13,June,12,13,15,230,C,,Single carriageway - 2 lanes,30,Not at or within 20 metres of junction,unset,\,,Daylight: street lights present,Fine (without high winds),Dry,None,None,No overtaking,322470,672320,559251,Segment,Pedestrian,354963,unset,EH112SJ,No crossing facility within 50m or physical crossing facility not controlled by authorised person,"Pelican, puffin, toucan or similar non-junction pedestrian light crossing",At scene
328212,,Slight,2,3,14/06/2012,Thursday,14,June,12,10,45,230,C,,Single carriageway - 2 lanes,30,'T' or staggered junction,Give way sign or markings,Unclassified,,Daylight: street lights present,Fine (without high winds),Dry,None,Other object in carriageway,No overtaking,323600,672370,533377,Junction,T.V.N.P.,354964,unset,EH111EF,No crossing facility within 50m or physical crossing facility not controlled by authorised person,No physical crossing facility within 50m,At scene
329712,,Slight,1,1,14/06/2012,Thursday,14,June,12,19,0,230,C,,Single carriageway - 2 lanes,30,'T' or staggered junction,Automatic Traffic Signal,Unclassified,,Daylight: no street lighting,Unknown,Dry,None,None,No overtaking,325630,674300,520572,Junction,Bus,354965,unset,EH13PG,No crossing facility within 50m or physical crossing facility not controlled by authorised person,No physical crossing facility within 50m,At scene
329912,,Slight,2,1,15/06/2012,Friday,15,June,12,8,30,230,Unclassified,,Single carriageway - 2 lanes,30,Crossroads,Give way sign or markings,Unclassified,,Daylight: street lights present,Raining (without high winds),Dry,None,None,No overtaking,325880,671170,533413,Junction,T.V.N.P.,354966,unset,EH92PP,No crossing facility within 50m or physical crossing facility not controlled by authorised person,No physical crossing facility within 50m,At scene
331512,,Serious,1,1,16/06/2012,Saturday,16,June,12,0,50,230,A,7,Single carriageway - 2 lanes,30,Crossroads,Automatic Traffic Signal,Unclassified,,Darkness: street lights present and lit,Raining with high winds,Dry,None,None,No overtaking,326340,672600,532690,Junction,Pedestrian,354967,unset,EH89PR,Control by other authorised person,Pedestrian phase at traffic signal junction,At scene
332512,,Slight,3,2,14/06/2012,Thursday,14,June,12,14,53,230,A,720,Dual carriageway - 2 lanes,70,Not at or within 20 metres of junction,unset,\,,Daylight: no street lighting,Fine (without high winds),Dry,None,None,No overtaking,318800,670130,2578907,Segment,M.V.N.P.,354968,unset,EH142SR,No crossing facility within 50m or physical crossing facility not controlled by authorised person,No physical crossing facility within 50m,At scene
332612,,Slight,2,1,09/06/2012,Saturday,9,June,12,13,0,230,A,71,Single carriageway - 2 lanes,30,Other junction,Give way sign or markings,Unclassified,,Daylight: street lights present,Fine (without high winds),Dry,None,None,No overtaking,322930,672260,521961,Junction,Cyclist,354969,unset,EH112PP,No crossing facility within 50m or physical crossing facility not controlled by authorised person,No physical crossing facility within 50m,At scene
332912,,Slight,2,3,16/06/2012,Saturday,16,June,12,12,45,230,A,71,Dual carriageway - 2 lanes,40,Roundabout,Give way sign or markings,C,,Daylight: street lights present,Raining (without high winds),Dry,None,None,No overtaking,320770,671110,529501,Junction,T.V.N.P.,354970,unset,EH113PA,No crossing facility within 50m or physical crossing facility not controlled by authorised person,No physical crossing facility within 50m,At scene
333012,,Slight,2,1,16/06/2012,Saturday,16,June,12,17,40,230,Unclassified,,Single carriageway - 2 lanes,30,'T' or staggered junction,Give way sign or markings,Unclassified,,Daylight: street lights present,Raining (without high winds),Dry,None,None,No overtaking,323390,668950,533059,Junction,T.V.N.P.,354971,unset,EH139JA,No crossing facility within 50m or physical crossing facility not controlled by authorised person,No physical crossing facility within 50m,At scene
335612,,Slight,2,2,17/06/2012,Sunday,17,June,12,6,28,230,A,6095,Single carriageway - 2 lanes,30,'T' or staggered junction,Give way sign or markings,Unclassified,,Daylight: no street lighting,Fine (without high winds),Dry,None,None,No overtaking,327920,671590,530404,Junction,T.V.N.P.,354972,unset,EH165LL,No crossing facility within 50m or physical crossing facility not controlled by authorised person,No physical crossing facility within 50m,At scene
336812,,Slight,2,1,18/06/2012,Monday,18,June,12,10,0,230,Unclassified,,Single carriageway - 2 lanes,30,'T' or staggered junction,Automatic Traffic Signal,Unclassified,,Daylight: no street lighting,Fine (without high winds),Dry,None,None,No overtaking,326490,670790,529852,Junction,T.V.N.P.,354973,unset,EH93JF,Control by other authorised person,Pedestrian phase at traffic signal junction,At scene
337112,,Slight,2,1,18/06/2012,Monday,18,June,12,17,40,230,Unclassified,,Single carriageway - 2 lanes,30,Crossroads,Automatic Traffic Signal,A,700,Daylight: street lights present,Fine (without high winds),Dry,None,None,No overtaking,326220,672570,532729,Junction,Cyclist,354974,unset,EH91ND,No crossing facility within 50m or physical crossing facility not controlled by authorised person,"Pelican, puffin, toucan or similar non-junction pedestrian light crossing",At scene
337512,,Slight,2,2,18/06/2012,Monday,18,June,12,17,20,230,A,8,Single carriageway - 2 lanes,30,'T' or staggered junction,Give way sign or markings,Unclassified,,Daylight: street lights present,Fine (without high winds),Dry,None,None,No overtaking,320590,672820,521742,Junction,Bus,354975,unset,EH126JP,Control by other authorised person,Central refuge - no other controls,Elsewhere
338212,,Slight,2,1,19/06/2012,Tuesday,19,June,12,6,50,230,A,90,Single carriageway - 2 lanes,40,Not at or within 20 metres of junction,unset,\,,Daylight: street lights present,Fine (without high winds),Dry,None,None,No overtaking,319480,674980,555504,Segment,Cyclist,354976,unset,EH46ER,No crossing facility within 50m or physical crossing facility not controlled by authorised person,No physical crossing facility within 50m,At scene
338712,,Slight,1,1,19/06/2012,Tuesday,19,June,12,13,20,230,Unclassified,,Single carriageway - 2 lanes,30,Crossroads,Give way sign or markings,B,900,Daylight: street lights present,Fine (without high winds),Dry,None,None,No overtaking,323750,674660,520083,Junction,Pedestrian,354977,unset,EH41BQ,No crossing facility within 50m or physical crossing facility not controlled by authorised person,"Pelican, puffin, toucan or similar non-junction pedestrian light crossing",At scene
339412,,Slight,2,1,17/05/2012,Thursday,17,May,12,8,0,230,B,800,Single carriageway - 2 lanes,60,Not at or within 20 metres of junction,unset,\,,Daylight: no street lighting,Fine (without high winds),Dry,None,None,No overtaking,311880,672990,555177,Segment,T.V.N.P.,365676,unset,EH288LA,No crossing facility within 50m or physical crossing facility not controlled by authorised person,No physical crossing facility within 50m,Elsewhere
340112,,Serious,2,1,20/06/2012,Wednesday,20,June,12,6,40,230,A,8,Single carriageway - 2 lanes,30,Other junction,Give way sign or markings,C,,Daylight: no street lighting,Fine (without high winds),Dry,None,None,No overtaking,321490,673000,521754,Junction,Cyclist,354978,unset,EH126TY,No crossing facility within 50m or physical crossing facility not controlled by authorised person,No physical crossing facility within 50m,At scene
340712,,Serious,2,1,20/06/2012,Wednesday,20,June,12,14,0,230,Unclassified,,One way Street,30,Not at or within 20 metres of junction,unset,\,,Daylight: no street lighting,Fine (without high winds),Dry,None,None,No overtaking,327140,672760,0,Unset,T.V.N.P.,354979,unset,EH87AT,No crossing facility within 50m or physical crossing facility not controlled by authorised person,No physical crossing facility within 50m,At scene
341612,,Slight,2,1,09/03/2012,Friday,9,March,12,22,0,230,A,900,Roundabout,30,Roundabout,Give way sign or markings,A,900,Darkness: street lights present and lit,Fine (without high winds),Dry,None,None,No overtaking,325980,674380,520602,Junction,T.V.N.P.,338139,unset,EH13JT,No crossing facility within 50m or physical crossing facility not controlled by authorised person,No physical crossing facility within 50m,At scene
342412,,Slight,2,1,21/06/2012,Thursday,21,June,12,16,34,230,A,720,Dual carriageway - 2 lanes,50,Not at or within 20 metres of junction,unset,\,,Daylight: no street lighting,Raining (without high winds),Dry,None,None,No overtaking,318730,670180,2582067,Segment,T.V.N.P.,354980,unset,EH142SR,No crossing facility within 50m or physical crossing facility not controlled by authorised person,No physical crossing facility within 50m,At scene
342612,,Slight,1,1,21/06/2012,Thursday,21,June,12,15,40,230,Unclassified,,Single carriageway - 2 lanes,30,Not at or within 20 metres of junction,unset,\,,Daylight: street lights present,Raining (without high winds),Dry,None,None,No overtaking,329290,671430,12228226,Segment,Pedestrian,354981,unset,EH164DW,No crossing facility within 50m or physical crossing facility not controlled by authorised person,No physical crossing facility within 50m,At scene
343912,,Slight,2,1,22/06/2012,Friday,22,June,12,11,0,230,A,900,Single carriageway - 2 lanes,30,Other junction,Automatic Traffic Signal,Unclassified,,Daylight: street lights present,Raining (without high winds),Dry,None,None,No overtaking,326210,674650,12222104,Junction,Cyclist,354982,unset,EH74AE,No crossing facility within 50m or physical crossing facility not controlled by authorised person,Pedestrian phase at traffic signal junction,At scene
344012,,Slight,2,1,21/06/2012,Thursday,21,June,12,11,38,230,B,701,Single carriageway - 2 lanes,30,'T' or staggered junction,Give way sign or markings,Unclassified,,Daylight: street lights present,Fine (without high winds),Dry,None,None,No overtaking,318890,674840,519930,Junction,T.V.N.P.,354983,unset,EH48AR,No crossing facility within 50m or physical crossing facility not controlled by authorised person,No physical crossing facility within 50m,At scene
344512,,Slight,2,1,21/06/2012,Thursday,21,June,12,15,45,230,Unclassified,,Dual carriageway - 2 lanes,30,Not at or within 20 metres of junction,unset,\,,Daylight: street lights present,Raining (without high winds),Dry,None,None,No overtaking,321950,673190,565622,Segment,Cyclist,354984,unset,EH126JH,No crossing facility within 50m or physical crossing facility not controlled by authorised person,No physical crossing facility within 50m,Elsewhere
345412,,Serious,2,1,22/06/2012,Friday,22,June,12,17,35,230,A,900,Dual carriageway - 2 lanes,30,Crossroads,Automatic Traffic Signal,Unclassified,,Daylight: street lights present,Raining (without high winds),Dry,None,None,No overtaking,326380,674890,520266,Junction,T.V.N.P.,354985,unset,EH74LU,No crossing facility within 50m or physical crossing facility not controlled by authorised person,Pedestrian phase at traffic signal junction,At scene
345712,,Serious,2,2,23/06/2012,Saturday,23,June,12,17,20,230,Unclassified,,Single carriageway - 2 lanes,30,Not at or within 20 metres of junction,unset,\,,Daylight: street lights present,Fine (without high winds),Dry,None,None,No overtaking,330250,673130,569094,Segment,T.V.N.P.,354986,unset,EH151JX,No crossing facility within 50m or physical crossing facility not controlled by authorised person,No physical crossing facility within 50m,At scene
345812,,Slight,1,1,23/06/2012,Saturday,23,June,12,23,0,230,A,900,Dual carriageway - 2 lanes,30,'T' or staggered junction,Automatic Traffic Signal,A,1,Darkness: street lights present and lit,Fine (without high winds),Dry,None,None,No overtaking,325880,674040,520638,Junction,Pedestrian,354987,unset,EH13SJ,No crossing facility within 50m or physical crossing facility not controlled by authorised person,Pedestrian phase at traffic signal junction,At scene
348112,,Slight,2,1,25/06/2012,Monday,25,June,12,9,40,230,B,900,Single carriageway - 2 lanes,30,Not at or within 20 metres of junction,unset,\,,Daylight: no street lighting,Fine (without high winds),Dry,None,None,No overtaking,323800,674680,554177,Segment,T.V.N.P.,354988,unset,EH41BH,No crossing facility within 50m or physical crossing facility not controlled by authorised person,No physical crossing facility within 50m,At scene
348312,,Slight,2,1,18/06/2012,Monday,18,June,12,15,45,230,Unclassified,,Single carriageway - 2 lanes,20,Not at or within 20 metres of junction,unset,\,,Daylight: street lights present,Fine (without high winds),Dry,None,None,No overtaking,326340,672220,563155,Segment,Cyclist,354989,unset,EH91PU,No crossing facility within 50m or physical crossing facility not controlled by authorised person,No physical crossing facility within 50m,Elsewhere
349012,,Serious,2,1,25/06/2012,Monday,25,June,12,16,29,230,C,,Single carriageway - 2 lanes,30,Roundabout,Automatic Traffic Signal,C,,Daylight: no street lighting,Fine (without high winds),Dry,None,None,No overtaking,325340,674040,520515,Junction,T.V.N.P.,354990,unset,EH21EL,Control by other authorised person,Pedestrian phase at traffic signal junction,At scene
349112,,Serious,2,1,25/06/2012,Monday,25,June,12,20,59,230,B,701,Single carriageway - 2 lanes,30,'T' or staggered junction,Give way sign or markings,Unclassified,,Daylight: no street lighting,Fine (without high winds),Dry,None,None,No overtaking,319530,670280,529933,Junction,T.V.N.P.,354991,unset,EH114LL,Control by other authorised person,Pedestrian phase at traffic signal junction,At scene
349512,,Serious,1,1,26/06/2012,Tuesday,26,June,12,7,35,230,A,70,Single carriageway - 2 lanes,30,Other junction,Give way sign or markings,A,70,Daylight: no street lighting,Fine (without high winds),Dry,None,None,No overtaking,322530,671290,529576,Junction,Pedestrian,354992,unset,EH141PY,No crossing facility within 50m or physical crossing facility not controlled by authorised person,Central refuge - no other controls,At scene
349612,,Slight,2,2,26/06/2012,Tuesday,26,June,12,13,3,230,B,6415,Single carriageway - 2 lanes,30,Crossroads,Give way sign or markings,Unclassified,,Daylight: street lights present,Fine (without high winds),Dry,None,None,No overtaking,331160,673570,531382,Junction,T.V.N.P.,354993,unset,EH152DQ,No crossing facility within 50m or physical crossing facility not controlled by authorised person,No physical crossing facility within 50m,At scene
349712,,Slight,2,2,26/06/2012,Tuesday,26,June,12,12,20,230,Unclassified,,Dual carriageway - 2 lanes,40,Other junction,Give way sign or markings,Unclassified,,Daylight: street lights present,Fine (without high winds),Dry,None,None,No overtaking,318320,673700,10303338,Junction,T.V.N.P.,354994,unset,EH128TZ,No crossing facility within 50m or physical crossing facility not controlled by authorised person,No physical crossing facility within 50m,At scene
349812,,Slight,1,1,26/06/2012,Tuesday,26,June,12,12,40,230,A,6095,Single carriageway - 2 lanes,30,Crossroads,Automatic Traffic Signal,C,,Daylight: street lights present,Fine (without high winds),Dry,None,None,No overtaking,328810,671640,523773,Junction,Bus,354995,unset,EH164BY,Control by other authorised person,Central refuge - no other controls,At scene
350012,,Slight,2,1,25/06/2012,Monday,25,June,12,13,0,230,Unclassified,,Single carriageway - 2 lanes,30,Other junction,Give way sign or markings,Unclassified,,Daylight: street lights present,Fine (without high winds),Dry,None,None,No overtaking,326590,672590,531409,Junction,Cyclist,354996,unset,EH165BP,No crossing facility within 50m or physical crossing facility not controlled by authorised person,No physical crossing facility within 50m,At scene
350412,,Slight,2,1,26/06/2012,Tuesday,26,June,12,7,50,230,Unclassified,,Single carriageway - 2 lanes,30,Crossroads,Automatic Traffic Signal,Unclassified,,Daylight: street lights present,Fine (without high winds),Dry,None,None,No overtaking,323340,674890,520071,Junction,Cyclist,354997,unset,EH41QL,No crossing facility within 50m or physical crossing facility not controlled by authorised person,Pedestrian phase at traffic signal junction,At scene
350612,,Slight,1,1,26/06/2012,Tuesday,26,June,12,15,10,230,Unclassified,,Single carriageway - 2 lanes,30,'T' or staggered junction,Give way sign or markings,Unclassified,,Daylight: street lights present,Fine (without high winds),Dry,None,None,No overtaking,327210,674550,0,Unset,Pedestrian,354998,unset,EH75SR,No crossing facility within 50m or physical crossing facility not controlled by authorised person,No physical crossing facility within 50m,At scene
350912,,Slight,2,1,26/06/2012,Tuesday,26,June,12,15,40,230,A,8,Roundabout,30,Roundabout,Give way sign or markings,B,701,Daylight: street lights present,Fine (without high winds),Dry,None,None,No overtaking,319310,672920,522900,Junction,Cyclist,354999,unset,EH128HH,No crossing facility within 50m or physical crossing facility not controlled by authorised person,"Pelican, puffin, toucan or similar non-junction pedestrian light crossing",At scene
351212,,Serious,1,1,26/06/2012,Tuesday,26,June,12,17,10,230,C,,Single carriageway - 2 lanes,30,Not at or within 20 metres of junction,unset,\,,Daylight: street lights present,Fine (without high winds),Dry,None,None,No overtaking,325460,671930,566291,Segment,Pedestrian,355000,unset,EH92AA,No crossing facility within 50m or physical crossing facility not controlled by authorised person,No physical crossing facility within 50m,At scene
352812,,Slight,2,1,07/06/2012,Thursday,7,June,12,23,30,230,C,,Single carriageway - 2 lanes,30,Not at or within 20 metres of junction,unset,\,,Darkness: street lights present and lit,Raining (without high winds),Dry,None,None,No overtaking,324260,672770,559463,Segment,Cyclist,355001,unset,EH111AL,No crossing facility within 50m or physical crossing facility not controlled by authorised person,Pedestrian phase at traffic signal junction,At scene
352912,,Slight,2,1,27/06/2012,Wednesday,27,June,12,8,10,230,A,6095,Single carriageway - 2 lanes,30,Not at or within 20 metres of junction,unset,\,,Daylight: street lights present,Raining (without high winds),Dry,None,None,No overtaking,328950,671660,553846,Segment,T.V.N.P.,355002,unset,EH164BG,Control by other authorised person,Pedestrian phase at traffic signal junction,At scene
355112,,Slight,2,1,27/06/2012,Wednesday,27,June,12,12,0,230,Unclassified,,Single carriageway - 2 lanes,30,'T' or staggered junction,Give way sign or markings,Unclassified,,Daylight: street lights present,Raining (without high winds),Dry,None,None,No overtaking,324490,671200,0,Unset,Cyclist,355003,unset,EH104QQ,No crossing facility within 50m or physical crossing facility not controlled by authorised person,No physical crossing facility within 50m,Elsewhere
355512,,Slight,1,1,24/06/2012,Sunday,24,June,12,15,50,230,Unclassified,,Single carriageway - 2 lanes,30,Other junction,Give way sign or markings,Unclassified,,Daylight: street lights present,Fine (without high winds),Dry,None,None,No overtaking,327580,670060,0,Unset,Pedestrian,355004,unset,EH166BD,No crossing facility within 50m or physical crossing facility not controlled by authorised person,No physical crossing facility within 50m,At scene
356112,,Slight,2,1,28/06/2012,Thursday,28,June,12,15,5,230,Unclassified,,Single carriageway - 2 lanes,30,Other junction,Automatic Traffic Signal,C,,Daylight: no street lighting,Fine (without high winds),Dry,None,None,No overtaking,324700,674030,520485,Junction,T.V.N.P.,355005,unset,EH36AA,No crossing facility within 50m or physical crossing facility not controlled by authorised person,No physical crossing facility within 50m,At scene
356212,,Serious,2,1,28/06/2012,Thursday,28,June,12,16,0,230,Unclassified,,Single carriageway - 2 lanes,30,Not at or within 20 metres of junction,unset,\,,Daylight: street lights present,Fine (without high winds),Dry,None,None,No overtaking,326000,675960,10217371,Segment,Cyclist,355006,unset,EH65QB,No crossing facility within 50m or physical crossing facility not controlled by authorised person,No physical crossing facility within 50m,At scene
358312,,Slight,2,1,29/06/2012,Friday,29,June,12,15,40,230,A,720,Single carriageway - 3 lanes,50,Slip road,Give way sign or markings,A,720,Daylight: street lights present,Raining (without high winds),Dry,None,None,No overtaking,318310,670790,2307184,Junction,T.V.N.P.,355007,unset,EH129BU,No crossing facility within 50m or physical crossing facility not controlled by authorised person,No physical crossing facility within 50m,At scene
358512,,Serious,1,1,29/06/2012,Friday,29,June,12,16,55,230,Unclassified,,Single carriageway - 2 lanes,30,Crossroads,Automatic Traffic Signal,Unclassified,,Daylight: street lights present,Raining (without high winds),Dry,None,None,No overtaking,322190,671270,529561,Junction,Pedestrian,355008,unset,EH141RJ,No crossing facility within 50m or physical crossing facility not controlled by authorised person,Pedestrian phase at traffic signal junction,At scene
359212,,Slight,1,1,30/06/2012,Saturday,30,June,12,1,25,230,Unclassified,,Single carriageway - 2 lanes,30,'T' or staggered junction,Automatic Traffic Signal,A,702,Darkness: no street lighting,Fog (or mist if hazard),Dry,None,None,No overtaking,324760,673430,10254968,Junction,Pedestrian,355009,unset,EH12DA,No crossing facility within 50m or physical crossing facility not controlled by authorised person,Pedestrian phase at traffic signal junction,At scene
359712,,Slight,2,1,30/06/2012,Saturday,30,June,12,15,30,230,Unclassified,,Single carriageway - 2 lanes,30,Multiple junction,Automatic Traffic Signal,C,,Daylight: street lights present,Fine (without high winds),Dry,None,None,No overtaking,319370,672660,0,Unset,T.V.N.P.,355010,unset,EH127UQ,No crossing facility within 50m or physical crossing facility not controlled by authorised person,Pedestrian phase at traffic signal junction,Elsewhere
359912,,Slight,2,2,28/06/2012,Thursday,28,June,12,19,35,230,A,900,Dual carriageway - 2 lanes,30,'T' or staggered junction,Automatic Traffic Signal,Unclassified,,Daylight: street lights present,Fine (without high winds),Dry,None,Pedestrian in carriagway - not injured,No overtaking,326080,674430,520659,Junction,T.V.N.P.,355011,unset,EH13AA,No crossing facility within 50m or physical crossing facility not controlled by authorised person,"Pelican, puffin, toucan or similar non-junction pedestrian light crossing",At scene
360112,,Slight,1,1,30/06/2012,Saturday,30,June,12,2,20,230,A,702,Single carriageway - 2 lanes,30,Not at or within 20 metres of junction,unset,\,,Darkness: street lights present and lit,Fine (without high winds),Dry,None,None,No overtaking,324780,673340,548964,Segment,S.V.N.P.,355012,unset,EH12EA,No crossing facility within 50m or physical crossing facility not controlled by authorised person,No physical crossing facility within 50m,Elsewhere
361212,,Slight,2,1,22/06/2012,Friday,22,June,12,18,30,230,Unclassified,,Single carriageway - 2 lanes,30,'T' or staggered junction,Give way sign or markings,Unclassified,,Daylight: street lights present,Unknown,Dry,None,None,No overtaking,325930,671070,533410,Junction,Cyclist,355013,unset,EH93HU,No crossing facility within 50m or physical crossing facility not controlled by authorised person,No physical crossing facility within 50m,Elsewhere
362112,,Slight,2,1,30/06/2012,Saturday,30,June,12,23,58,230,A,8,Single carriageway - 2 lanes,30,'T' or staggered junction,Give way sign or markings,Unclassified,,Darkness: street lights present and lit,Raining (without high winds),Dry,None,None,No overtaking,323300,673190,521289,Junction,T.V.N.P.,355014,unset,EH125JD,No crossing facility within 50m or physical crossing facility not controlled by authorised person,No physical crossing facility within 50m,At scene
364012,,Serious,1,1,02/07/2012,Monday,2,July,12,17,25,230,A,772,Single carriageway - 2 lanes,30,'T' or staggered junction,Automatic Traffic Signal,A,701,Daylight: street lights present,Raining (without high winds),Dry,None,None,No overtaking,327190,670750,530071,Junction,Pedestrian,365775,unset,EH165TY,No crossing facility within 50m or physical crossing facility not controlled by authorised person,"Pelican, puffin, toucan or similar non-junction pedestrian light crossing",At scene
364312,,Slight,5,3,29/06/2012,Friday,29,June,12,12,0,230,A,90,Single carriageway - 2 lanes,30,'T' or staggered junction,Give way sign or markings,Unclassified,,Daylight: street lights present,Raining (without high winds),Dry,None,None,No overtaking,322010,674590,520044,Junction,M.V.N.P.,355015,unset,EH42AA,No crossing facility within 50m or physical crossing facility not controlled by authorised person,No physical crossing facility within 50m,At scene
366512,,Slight,2,1,03/07/2012,Tuesday,3,July,12,22,15,230,A,701,Single carriageway - 2 lanes,30,Crossroads,Give way sign or markings,Unclassified,,Darkness: street lights present and lit,Other,Dry,None,None,No overtaking,327000,671340,529606,Junction,T.V.N.P.,365776,unset,EH165PF,No crossing facility within 50m or physical crossing facility not controlled by authorised person,No physical crossing facility within 50m,At scene
367112,,Slight,2,1,03/07/2012,Tuesday,3,July,12,19,10,230,Unclassified,,Single carriageway - 2 lanes,30,'T' or staggered junction,Give way sign or markings,Unclassified,,Daylight: no street lighting,Fine (without high winds),Dry,None,None,No overtaking,326500,672680,522462,Junction,T.V.N.P.,365777,unset,EH89RB,No crossing facility within 50m or physical crossing facility not controlled by authorised person,"Pelican, puffin, toucan or similar non-junction pedestrian light crossing",Elsewhere
367912,,Slight,3,2,03/07/2012,Tuesday,3,July,12,16,55,230,A,720,Dual carriageway - 2 lanes,70,Not at or within 20 metres of junction,unset,\,,Daylight: street lights present,Fine (without high winds),Dry,None,None,No overtaking,330100,667720,2579183,Segment,M.V.N.P.,365778,unset,EH181AT,No crossing facility within 50m or physical crossing facility not controlled by authorised person,No physical crossing facility within 50m,At scene
368112,,Slight,1,1,03/07/2012,Tuesday,3,July,12,19,20,230,B,701,Single carriageway - 2 lanes,30,Not at or within 20 metres of junction,unset,\,,Daylight: street lights present,Fine (without high winds),Dry,None,None,No overtaking,325370,667970,2105978,Segment,S.V.N.P.,365779,unset,EH107DR,No crossing facility within 50m or physical crossing facility not controlled by authorised person,No physical crossing facility within 50m,At scene
368312,,Slight,3,1,04/07/2012,Wednesday,4,July,12,17,20,230,C,,Single carriageway - 2 lanes,30,Crossroads,Stop sign,Unclassified,,Daylight: street lighting unknown,Raining (without high winds),Dry,None,None,No overtaking,327030,675220,519900,Junction,M.V.N.P.,365780,unset,EH68RT,No crossing facility within 50m or physical crossing facility not controlled by authorised person,Pedestrian phase at traffic signal junction,At scene
368612,,Slight,2,1,05/07/2012,Thursday,5,July,12,1,49,230,Unclassified,,Single carriageway - 2 lanes,30,Not at or within 20 metres of junction,unset,\,,Darkness: street lights present and lit,Fog (or mist if hazard),Dry,None,None,No overtaking,322500,671330,562015,Segment,T.V.N.P.,365781,unset,EH141QH,No crossing facility within 50m or physical crossing facility not controlled by authorised person,No physical crossing facility within 50m,At scene