acc_ref,beat_no,severity,no_vehicle,no_casualt,a_date,a_day,a_date_day,a_date_mon,a_date_yr,a_time_hr,a_time_min,loc_auth,road1_class,road1_no,road_type,speed_limi,junc_det,junc_ctrl,road2_class,road2_no,light_cond,weather,road_surf,spec_cond,cway_hzrds,ovrtk_patrn,easting,northing,net_id,net_type,acc_type,text_id,division,Postcode,ped_xing_hc,ped_xing_p,place_reported
525412,,Slight,1,1,22/09/2012,Saturday,22,September,12,16,13,230,A,6095,Roundabout,30,Roundabout,Give way sign or markings,Unclassified,,Daylight: no street lighting,Fine (without high winds),Dry,None,None,No overtaking,331400,671870,0,Unset,S.V.N.P.,357605,unset,EH218RX,No crossing facility within 50m or physical crossing facility not controlled by authorised person,No physical crossing facility within 50m,At scene
527012,,Slight,1,1,23/09/2012,Sunday,23,September,12,14,8,230,Unclassified,,Unknown,30,'T' or staggered junction,Give way sign or markings,Unclassified,,Daylight: street lights present,Fine (without high winds),Dry,None,None,No overtaking,312520,674330,517327,Junction,S.V.N.P.,357606,unset,EH299AX,No crossing facility within 50m or physical crossing facility not controlled by authorised person,No physical crossing facility within 50m,At scene
527212,,Slight,2,2,23/09/2012,Sunday,23,September,12,16,15,230,Unclassified,,Single carriageway - 2 lanes,30,Not at or within 20 metres of junction,unset,\,,Daylight: no street lighting,Fine (without high winds),Dry,None,None,No overtaking,321570,676900,12226678,Segment,T.V.N.P.,357607,unset,EH45EJ,No crossing facility within 50m or physical crossing facility not controlled by authorised person,No physical crossing facility within 50m,At scene
527312,,Serious,1,1,23/09/2012,Sunday,23,September,12,19,40,230,Unclassified,,Single carriageway - 2 lanes,30,Not at or within 20 metres of junction,unset,\,,Darkness: street lights present and lit,Fine (without high winds),Dry,None,None,No overtaking,322370,671110,561769,Segment,Pedestrian,357608,unset,EH141QA,No crossing facility within 50m or physical crossing facility not controlled by authorised person,Pedestrian phase at traffic signal junction,At scene
527812,,Slight,1,1,24/09/2012,Monday,24,September,12,7,20,230,A,7,Single carriageway - 2 lanes,30,Not at or within 20 metres of junction,unset,\,,Daylight: street lights present,Raining with high winds,Dry,None,None,No overtaking,325880,673870,569270,Segment,Bus,357609,unset,EH11BB,No crossing facility within 50m or physical crossing facility not controlled by authorised person,No physical crossing facility within 50m,At scene
528012,,Slight,2,1,19/09/2012,Wednesday,19,September,12,10,0,230,A,1,Single carriageway - 2 lanes,30,Other junction,Automatic Traffic Signal,A,7,Daylight: street lights present,Raining (without high winds),Dry,None,None,No overtaking,325850,674000,517891,Junction,Cyclist,357610,unset,EH22EJ,No crossing facility within 50m or physical crossing facility not controlled by authorised person,Pedestrian phase at traffic signal junction,Elsewhere
528112,,Slight,3,1,23/09/2012,Sunday,23,September,12,18,40,230,A,71,Single carriageway - 2 lanes,40,Roundabout,Automatic Traffic Signal,A,71,Daylight: street lights present,Fine (without high winds),Dry,None,None,No overtaking,318520,670340,2307039,Junction,M.V.N.P.,357611,unset,EH144AW,No crossing facility within 50m or physical crossing facility not controlled by authorised person,No physical crossing facility within 50m,At scene
529212,,Slight,1,2,24/09/2012,Monday,24,September,12,12,45,230,C,,Single carriageway - 2 lanes,30,Not at or within 20 metres of junction,unset,\,,Daylight: street lights present,Raining (without high winds),Dry,None,None,No overtaking,325260,674020,566549,Segment,Pedestrian,357612,unset,EH22HT,No crossing facility within 50m or physical crossing facility not controlled by authorised person,No physical crossing facility within 50m,At scene
529912,,Slight,2,1,21/09/2012,Friday,21,September,12,8,55,230,Unclassified,,Single carriageway - 2 lanes,30,Multiple junction,Automatic Traffic Signal,A,70,Daylight: street lights present,Fine (without high winds),Dry,None,None,No overtaking,324080,673180,521334,Junction,Cyclist,357613,unset,EH112BQ,No crossing facility within 50m or physical crossing facility not controlled by authorised person,Pedestrian phase at traffic signal junction,Elsewhere
531412,,Slight,1,1,24/09/2012,Monday,24,September,12,8,0,230,Unclassified,,Single carriageway - 2 lanes,30,Not at or within 20 metres of junction,unset,\,,Daylight: street lights present,Raining (without high winds),Dry,None,None,No overtaking,327800,671110,568093,Segment,Pedestrian,357614,unset,EH165UF,No crossing facility within 50m or physical crossing facility not controlled by authorised person,No physical crossing facility within 50m,At scene
531512,,Slight,2,1,25/09/2012,Tuesday,25,September,12,7,30,230,Unclassified,,Single carriageway - 2 lanes,30,Mini-roundabout,Give way sign or markings,Unclassified,,Daylight: street lights present,Fine with high winds,Dry,None,None,No overtaking,323310,676530,522858,Junction,Cyclist,357615,unset,EH52HQ,No crossing facility within 50m or physical crossing facility not controlled by authorised person,No physical crossing facility within 50m,At scene
531712,,Slight,3,1,24/09/2012,Monday,24,September,12,8,35,230,A,902,Single carriageway - 2 lanes,30,'T' or staggered junction,Automatic Traffic Signal,Unclassified,,Daylight: street lights present,Raining (without high winds),Dry,None,None,No overtaking,322250,674900,520050,Junction,M.V.N.P.,357616,unset,EH42LX,No crossing facility within 50m or physical crossing facility not controlled by authorised person,Pedestrian phase at traffic signal junction,At scene
532512,,Slight,1,1,24/09/2012,Monday,24,September,12,21,30,230,C,,Single carriageway - 2 lanes,20,Not at or within 20 metres of junction,unset,\,,Daylight: no street lighting,Raining with high winds,Dry,None,None,No overtaking,325480,672160,559024,Segment,Pedestrian,357617,unset,EH91HF,No crossing facility within 50m or physical crossing facility not controlled by authorised person,No physical crossing facility within 50m,At scene
532612,,Slight,1,1,25/09/2012,Tuesday,25,September,12,11,41,230,A,8,Single carriageway - 2 lanes,20,Not at or within 20 metres of junction,unset,\,,Daylight: no street lighting,Raining (without high winds),Dry,None,None,No overtaking,320090,672920,521724,Junction,Pedestrian,357618,unset,EH128AT,No crossing facility within 50m or physical crossing facility not controlled by authorised person,No physical crossing facility within 50m,At scene
532912,,Slight,2,1,25/09/2012,Tuesday,25,September,12,21,45,230,A,8,Roundabout,30,Roundabout,Give way sign or markings,Unclassified,,Daylight: no street lighting,Raining (without high winds),Dry,None,None,No overtaking,319320,672940,522894,Junction,Cyclist,357619,unset,EH128SQ,Control by other authorised person,Pedestrian phase at traffic signal junction,Elsewhere
533612,,Slight,2,1,26/09/2012,Wednesday,26,September,12,8,48,230,C,,Single carriageway - 2 lanes,30,Crossroads,Give way sign or markings,Unclassified,,Daylight: no street lighting,Raining (without high winds),Dry,None,None,No overtaking,330310,673650,523569,Junction,T.V.N.P.,357620,unset,EH151LX,Control by other authorised person,Pedestrian phase at traffic signal junction,At scene
533912,,Slight,2,1,26/08/2012,Sunday,26,August,12,15,0,230,Unclassified,,Single carriageway - 2 lanes,30,'T' or staggered junction,Give way sign or markings,Unclassified,,Daylight: no street lighting,Fine (without high winds),Dry,None,None,No overtaking,312940,678120,4421924,Junction,T.V.N.P.,357284,unset,EH309HY,Control by other authorised person,Pedestrian phase at traffic signal junction,Elsewhere
534612,,Slight,1,1,25/09/2012,Tuesday,25,September,12,16,30,230,Unclassified,,Single carriageway - 2 lanes,30,'T' or staggered junction,Automatic Traffic Signal,Unclassified,,Daylight: no street lighting,Fine (without high winds),Dry,None,None,No overtaking,325140,673060,521460,Junction,Pedestrian,357621,unset,EH39HY,No crossing facility within 50m or physical crossing facility not controlled by authorised person,Pedestrian phase at traffic signal junction,At scene
534812,,Slight,2,2,26/09/2012,Wednesday,26,September,12,19,30,230,Unclassified,,Single carriageway - 2 lanes,30,'T' or staggered junction,Give way sign or markings,C,,Darkness: street lights present and lit,Fine (without high winds),Dry,None,None,No overtaking,321920,672480,521916,Junction,T.V.N.P.,357622,unset,EH125XQ,No crossing facility within 50m or physical crossing facility not controlled by authorised person,"Pelican, puffin, toucan or similar non-junction pedestrian light crossing",At scene
535512,,Serious,1,1,23/09/2012,Sunday,23,September,12,20,49,230,Unclassified,,Single carriageway - 2 lanes,30,'T' or staggered junction,Automatic Traffic Signal,Unclassified,,Darkness: street lights present and lit,Raining (without high winds),Dry,None,None,No overtaking,324320,673030,10331569,Junction,S.V.N.P.,357623,unset,EH38AY,Control by other authorised person,Pedestrian phase at traffic signal junction,At scene
536312,,Slight,1,1,25/09/2012,Tuesday,25,September,12,10,30,230,B,900,Single carriageway - 2 lanes,30,Not at or within 20 metres of junction,unset,\,,Daylight: street lights present,Raining (without high winds),Dry,None,None,No overtaking,323640,674650,554180,Segment,Bus,357624,unset,EH41AG,No crossing facility within 50m or physical crossing facility not controlled by authorised person,"Pelican, puffin, toucan or similar non-junction pedestrian light crossing",Elsewhere
536412,,Slight,1,1,27/09/2012,Thursday,27,September,12,17,0,230,Unclassified,,Single carriageway - 2 lanes,30,Not at or within 20 metres of junction,unset,\,,Daylight: street lights present,Fine (without high winds),Dry,None,None,No overtaking,312520,674570,555237,Segment,Pedestrian,357625,unset,EH299AB,No crossing facility within 50m or physical crossing facility not controlled by authorised person,Pedestrian phase at traffic signal junction,Elsewhere
537912,,Serious,1,1,28/09/2012,Friday,28,September,12,12,58,230,Unclassified,,Single carriageway - 2 lanes,30,Crossroads,Give way sign or markings,Unclassified,,Daylight: no street lighting,Raining (without high winds),Dry,None,None,No overtaking,322160,675170,12233439,Junction,Pedestrian,357626,unset,EH42RZ,Control by school crossing patrol,Zebra crossing,At scene
538112,,Serious,1,1,28/09/2012,Friday,28,September,12,12,30,230,A,772,Single carriageway - 2 lanes,30,Not at or within 20 metres of junction,unset,\,,Daylight: no street lighting,Fine (without high winds),Dry,None,None,No overtaking,328930,669060,569375,Segment,Pedestrian,357627,unset,EH177JE,No crossing facility within 50m or physical crossing facility not controlled by authorised person,Central refuge - no other controls,At scene
538212,,Serious,2,1,28/09/2012,Friday,28,September,12,15,40,230,C,,Roundabout,30,Roundabout,Give way sign or markings,Unclassified,,Daylight: street lights present,Fine (without high winds),Dry,None,None,No overtaking,326760,673930,521184,Junction,Cyclist,357628,unset,EH88DU,No crossing facility within 50m or physical crossing facility not controlled by authorised person,No physical crossing facility within 50m,At scene
538812,,Slight,2,1,28/09/2012,Friday,28,September,12,17,45,230,Unclassified,,Single carriageway - 2 lanes,30,Not at or within 20 metres of junction,unset,\,,Daylight: no street lighting,Fine (without high winds),Dry,None,None,No overtaking,327820,674980,557482,Segment,T.V.N.P.,357629,unset,EH76DX,No crossing facility within 50m or physical crossing facility not controlled by authorised person,No physical crossing facility within 50m,At scene
539312,,Slight,3,1,28/09/2012,Friday,28,September,12,19,20,230,A,70,Single carriageway - 2 lanes,30,'T' or staggered junction,Automatic Traffic Signal,Unclassified,,Darkness: street lights present and lit,Raining with high winds,Dry,None,None,No overtaking,323140,671990,522267,Junction,M.V.N.P.,357630,unset,EH111PR,No crossing facility within 50m or physical crossing facility not controlled by authorised person,"Pelican, puffin, toucan or similar non-junction pedestrian light crossing",At scene
539712,,Slight,2,1,28/09/2012,Friday,28,September,12,17,30,230,A,70,Single carriageway - 2 lanes,30,Roundabout,Give way sign or markings,Unclassified,,Daylight: street lights present,Fine (without high winds),Dry,None,None,No overtaking,321970,670640,522768,Junction,T.V.N.P.,357631,unset,EH142EP,No crossing facility within 50m or physical crossing facility not controlled by authorised person,No physical crossing facility within 50m,Elsewhere
539912,,Fatal,1,2,29/09/2012,Saturday,29,September,12,16,50,230,Unclassified,,One way Street,30,Other junction,Give way sign or markings,Unclassified,,Daylight: street lights present,Fine (without high winds),Dry,None,None,No overtaking,326020,673170,12223882,Junction,Pedestrian,357632,unset,EH89BH,No crossing facility within 50m or physical crossing facility not controlled by authorised person,No physical crossing facility within 50m,At scene
540312,,Slight,2,1,29/09/2012,Saturday,29,September,12,16,15,230,Unclassified,,Single carriageway - 2 lanes,30,Roundabout,Give way sign or markings,Unclassified,,Daylight: street lights present,Fine with high winds,Dry,None,None,No overtaking,326510,676890,0,Unset,Cyclist,357633,unset,EH66NE,No crossing facility within 50m or physical crossing facility not controlled by authorised person,"Pelican, puffin, toucan or similar non-junction pedestrian light crossing",At scene
540412,,Slight,1,1,29/09/2012,Saturday,29,September,12,18,0,230,A,7,Single carriageway - 2 lanes,30,'T' or staggered junction,Give way sign or markings,Unclassified,,Daylight: street lights present,Fine (without high winds),Dry,None,Pedestrian in carriagway - not injured,No overtaking,326070,673220,521583,Junction,Bus,357634,unset,EH89DH,No crossing facility within 50m or physical crossing facility not controlled by authorised person,Pedestrian phase at traffic signal junction,At scene
540712,,Serious,1,1,29/09/2012,Saturday,29,September,12,14,20,230,C,,Single carriageway - 2 lanes,30,'T' or staggered junction,Give way sign or markings,Unclassified,,Daylight: street lights present,Fine (without high winds),Dry,None,None,No overtaking,326290,673740,521163,Junction,Pedestrian,357636,unset,EH88BJ,No crossing facility within 50m or physical crossing facility not controlled by authorised person,No physical crossing facility within 50m,At scene
541712,,Slight,2,1,30/09/2012,Sunday,30,September,12,8,20,230,A,901,Single carriageway - 2 lanes,30,Crossroads,Automatic Traffic Signal,Unclassified,,Daylight: no street lighting,Raining (without high winds),Dry,None,None,No overtaking,326420,676770,531316,Junction,T.V.N.P.,357637,unset,EH66NW,No crossing facility within 50m or physical crossing facility not controlled by authorised person,Pedestrian phase at traffic signal junction,Elsewhere
541812,,Serious,1,1,28/09/2012,Friday,28,September,12,15,40,230,A,900,Single carriageway - 2 lanes,30,'T' or staggered junction,Give way sign or markings,A,900,Daylight: street lights present,Fine (without high winds),Dry,None,None,No overtaking,326480,675010,523233,Junction,Bus,357638,unset,EH75HN,No crossing facility within 50m or physical crossing facility not controlled by authorised person,No physical crossing facility within 50m,Elsewhere
541912,,Slight,3,1,29/09/2012,Saturday,29,September,12,13,4,230,C,,Single carriageway - 2 lanes,30,'T' or staggered junction,Give way sign or markings,Unknown,,Daylight: street lights present,Fine (without high winds),Dry,None,None,No overtaking,323970,672210,533398,Junction,Pedestrian,357639,unset,EH111LA,No crossing facility within 50m or physical crossing facility not controlled by authorised person,No physical crossing facility within 50m,\3
542012,,Slight,2,1,29/09/2012,Saturday,29,September,12,17,20,230,Unclassified,,Dual carriageway - 2 lanes,30,Crossroads,Automatic Traffic Signal,Unclassified,,Daylight: street lights present,Fine (without high winds),Dry,None,None,No overtaking,324630,673400,10254956,Junction,Bus,357640,unset,EH12DA,No crossing facility within 50m or physical crossing facility not controlled by authorised person,Central refuge - no other controls,Elsewhere
542712,,Slight,2,1,27/09/2012,Thursday,27,September,12,9,55,230,A,701,Single carriageway - 2 lanes,30,Crossroads,Give way sign or markings,Unclassified,,Daylight: no street lighting,Fine (without high winds),Dry,None,None,No overtaking,326790,671710,529474,Junction,Cyclist,357641,unset,EH92BU,No crossing facility within 50m or physical crossing facility not controlled by authorised person,Central refuge - no other controls,At scene
544112,,Slight,1,1,01/10/2012,Monday,1,October,12,16,35,230,Unclassified,,Single carriageway - 2 lanes,30,Crossroads,Automatic Traffic Signal,Unclassified,,Daylight: street lights present,Other,Dry,None,None,No overtaking,312580,674550,517318,Junction,Pedestrian,366001,unset,EH299AD,No crossing facility within 50m or physical crossing facility not controlled by authorised person,Pedestrian phase at traffic signal junction,At scene
544412,,Slight,2,1,01/10/2012,Monday,1,October,12,17,29,230,Unclassified,,Single carriageway - 2 lanes,30,'T' or staggered junction,Automatic Traffic Signal,Unclassified,,Daylight: no street lighting,Fine (without high winds),Dry,None,None,No overtaking,322540,676000,0,Unset,T.V.N.P.,366002,unset,EH44BR,No crossing facility within 50m or physical crossing facility not controlled by authorised person,No physical crossing facility within 50m,At scene
544512,,Slight,1,1,01/10/2012,Monday,1,October,12,22,36,230,Unclassified,,Single carriageway - 2 lanes,30,Not at or within 20 metres of junction,unset,\,,Daylight: no street lighting,Raining (without high winds),Dry,None,None,No overtaking,326250,675030,12239586,Segment,Pedestrian,366003,unset,EH74LY,No crossing facility within 50m or physical crossing facility not controlled by authorised person,No physical crossing facility within 50m,At scene
544612,,Slight,1,1,01/10/2012,Monday,1,October,12,16,15,230,Unclassified,,Single carriageway - 2 lanes,30,Not at or within 20 metres of junction,unset,\,,Daylight: no street lighting,Fine (without high winds),Dry,None,None,No overtaking,323430,668960,564908,Segment,Bus,366004,unset,EH139JA,Control by other authorised person,Pedestrian phase at traffic signal junction,Elsewhere
544712,,Slight,1,1,28/09/2012,Friday,28,September,12,10,19,230,A,8,Single carriageway - 2 lanes,20,'T' or staggered junction,Give way sign or markings,Unclassified,,Daylight: no street lighting,Fine (without high winds),Dry,None,None,No overtaking,322040,673140,521244,Junction,Pedestrian,357642,unset,EH126HS,Control by other authorised person,Pedestrian phase at traffic signal junction,At scene
544912,,Serious,2,1,01/10/2012,Monday,1,October,12,8,19,230,B,701,Single carriageway - 2 lanes,20,'T' or staggered junction,Automatic Traffic Signal,Unclassified,,Daylight: no street lighting,Fine (without high winds),Dry,None,None,No overtaking,321630,669000,532924,Junction,Cyclist,366005,unset,EH130LE,Control by other authorised person,Pedestrian phase at traffic signal junction,At scene
545912,,Slight,2,1,02/10/2012,Tuesday,2,October,12,8,26,230,Unclassified,,Single carriageway - 2 lanes,30,Not at or within 20 metres of junction,unset,\,,Daylight: no street lighting,Fine (without high winds),Dry,None,None,No overtaking,319870,671260,551797,Segment,T.V.N.P.,366006,unset,EH113UP,Control by other authorised person,Pedestrian phase at traffic signal junction,At scene
546612,,Slight,2,2,02/10/2012,Tuesday,2,October,12,12,0,230,C,,Single carriageway - 2 lanes,30,'T' or staggered junction,Give way sign or markings,Unclassified,,Daylight: street lights present,Raining (without high winds),Dry,None,None,No overtaking,325970,673660,521166,Junction,T.V.N.P.,366007,unset,EH11SB,No crossing facility within 50m or physical crossing facility not controlled by authorised person,"Pelican, puffin, toucan or similar non-junction pedestrian light crossing",At scene
548412,,Slight,1,1,30/09/2012,Sunday,30,September,12,10,40,230,A,70,Single carriageway - 2 lanes,30,'T' or staggered junction,Give way sign or markings,Unclassified,,Daylight: street lights present,Raining with high winds,Dry,None,None,No overtaking,323730,672750,521793,Junction,Bus,357643,unset,EH112EF,No crossing facility within 50m or physical crossing facility not controlled by authorised person,No physical crossing facility within 50m,Elsewhere
548812,,Slight,2,1,03/10/2012,Wednesday,3,October,12,11,0,230,Unclassified,,Single carriageway - 2 lanes,30,Crossroads,Give way sign or markings,Unclassified,,Daylight: no street lighting,Fine (without high winds),Dry,None,None,No overtaking,324520,670700,529816,Junction,T.V.N.P.,366008,unset,EH106AF,No crossing facility within 50m or physical crossing facility not controlled by authorised person,No physical crossing facility within 50m,At scene
549012,,Slight,2,1,03/10/2012,Wednesday,3,October,12,12,35,230,Unclassified,,Single carriageway - 2 lanes,30,'T' or staggered junction,Give way sign or markings,Unclassified,,Daylight: street lights present,Fine (without high winds),Dry,None,None,No overtaking,320820,675440,519762,Junction,Pedestrian,366009,unset,EH45AT,No crossing facility within 50m or physical crossing facility not controlled by authorised person,No physical crossing facility within 50m,Elsewhere
549812,,Slight,2,1,03/10/2012,Wednesday,3,October,12,17,26,230,Motorway,8,Dual carriageway - 2 lanes,70,Not at or within 20 metres of junction,unset,\,,Daylight: no street lighting,Fine (without high winds),Dry,None,None,No overtaking,315430,671510,6452114,Segment,T.V.N.P.,366010,unset,EH288NW,No crossing facility within 50m or physical crossing facility not controlled by authorised person,No physical crossing facility within 50m,At scene
550012,,Slight,2,1,03/10/2012,Wednesday,3,October,12,16,35,230,C,,Single carriageway - 2 lanes,30,Crossroads,Automatic Traffic Signal,Unclassified,,Daylight: street lights present,Fine (without high winds),Dry,None,None,No overtaking,326650,671360,531451,Junction,Cyclist,366011,unset,EH93AE,Control by other authorised person,Pedestrian phase at traffic signal junction,Elsewhere
550312,,Serious,1,1,03/10/2012,Wednesday,3,October,12,22,15,230,A,701,Single carriageway - 2 lanes,30,Crossroads,Give way sign or markings,Unclassified,,Daylight: no street lighting,Fine (without high winds),Dry,None,None,No overtaking,326930,671470,531457,Junction,Pedestrian,366012,unset,EH165PG,No crossing facility within 50m or physical crossing facility not controlled by authorised person,Pedestrian phase at traffic signal junction,At scene
550412,,Slight,1,1,03/10/2012,Wednesday,3,October,12,22,0,230,Unclassified,,Single carriageway - 2 lanes,30,'T' or staggered junction,Give way sign or markings,Unclassified,,Daylight: no street lighting,Fine (without high winds),Dry,None,None,No overtaking,319210,670740,0,Unset,Pedestrian,366013,unset,EH114HD,Control by other authorised person,Pedestrian phase at traffic signal junction,Elsewhere
551412,,Slight,2,2,04/10/2012,Thursday,4,October,12,9,27,230,A,720,Dual carriageway - 2 lanes,60,Not at or within 20 metres of junction,unset,\,,Daylight: no street lighting,Fine (without high winds),Dry,None,None,No overtaking,325620,667250,2588155,Segment,T.V.N.P.,366014,unset,EH107DR,No crossing facility within 50m or physical crossing facility not controlled by authorised person,No physical crossing facility within 50m,At scene
553212,,Slight,2,1,20/09/2012,Thursday,20,September,12,17,30,230,Unclassified,,Single carriageway - 2 lanes,30,'T' or staggered junction,Give way sign or markings,Unclassified,,Daylight: street lights present,Raining (without high winds),Dry,None,None,No overtaking,326940,672190,522069,Junction,T.V.N.P.,357644,unset,EH165AE,No crossing facility within 50m or physical crossing facility not controlled by authorised person,No physical crossing facility within 50m,At scene
553312,,Slight,2,1,04/10/2012,Thursday,4,October,12,8,25,230,A,71,Single carriageway - 2 lanes,30,Crossroads,Automatic Traffic Signal,Unclassified,,Daylight: street lights present,Fine (without high winds),Dry,None,None,No overtaking,322690,672200,521970,Junction,T.V.N.P.,366015,unset,EH112QU,No crossing facility within 50m or physical crossing facility not controlled by authorised person,Pedestrian phase at traffic signal junction,At scene
554012,,Slight,2,2,05/10/2012,Friday,5,October,12,13,10,230,A,702,Single carriageway - 2 lanes,30,Crossroads,Automatic Traffic Signal,C,,Daylight: street lights present,Fine (without high winds),Dry,None,None,No overtaking,324810,673190,521406,Junction,T.V.N.P.,366016,unset,EH39AN,No crossing facility within 50m or physical crossing facility not controlled by authorised person,Pedestrian phase at traffic signal junction,At scene
554212,,Serious,1,1,05/10/2012,Friday,5,October,12,6,40,230,Unclassified,,Single carriageway - 2 lanes,30,Not at or within 20 metres of junction,unset,\,,Darkness: street lighting unknown,Fine (without high winds),Dry,None,None,No overtaking,323930,673710,0,Unset,S.V.N.P.,366017,unset,EH37SG,No crossing facility within 50m or physical crossing facility not controlled by authorised person,No physical crossing facility within 50m,At scene
554512,,Slight,2,1,04/10/2012,Thursday,4,October,12,8,40,230,A,90,Single carriageway - 2 lanes,40,'T' or staggered junction,Give way sign or markings,Unclassified,,Daylight: street lights present,Fine (without high winds),Dry,None,None,No overtaking,319390,674960,519978,Junction,T.V.N.P.,366018,unset,EH46ER,No crossing facility within 50m or physical crossing facility not controlled by authorised person,No physical crossing facility within 50m,Elsewhere
555212,,Slight,2,1,06/10/2012,Saturday,6,October,12,7,20,230,A,90,Single carriageway - 2 lanes,40,Not at or within 20 metres of junction,unset,\,,Daylight: street lights present,Fine (without high winds),Dry,None,None,No overtaking,318470,674980,555447,Segment,T.V.N.P.,366019,unset,EH46AT,No crossing facility within 50m or physical crossing facility not controlled by authorised person,No physical crossing facility within 50m,At scene
557012,,Slight,2,1,07/10/2012,Sunday,7,October,12,11,24,230,A,901,Roundabout,30,Roundabout,Give way sign or markings,Unclassified,,Daylight: street lights present,Fine (without high winds),Dry,None,None,No overtaking,323710,677130,518896,Junction,Cyclist,366020,unset,EH51HE,No crossing facility within 50m or physical crossing facility not controlled by authorised person,No physical crossing facility within 50m,At scene
559412,,Slight,2,1,08/10/2012,Monday,8,October,12,17,10,230,Unclassified,,Single carriageway - 2 lanes,30,'T' or staggered junction,Give way sign or markings,Unclassified,,Daylight: street lights present,Fine (without high winds),Dry,None,None,No overtaking,326890,672650,4224887,Junction,Cyclist,366021,unset,EH165XN,No crossing facility within 50m or physical crossing facility not controlled by authorised person,No physical crossing facility within 50m,Elsewhere
559912,,Slight,1,1,08/10/2012,Monday,8,October,12,21,47,230,B,701,Single carriageway - 2 lanes,30,Not at or within 20 metres of junction,unset,\,,Daylight: no street lighting,Fine (without high winds),Dry,None,None,No overtaking,328700,668450,2105930,Segment,Pedestrian,366022,unset,EH178NX,Control by other authorised person,"Pelican, puffin, toucan or similar non-junction pedestrian light crossing",At scene
560112,,Slight,3,1,08/10/2012,Monday,8,October,12,22,41,230,C,,Single carriageway - 2 lanes,30,Slip road,Automatic Traffic Signal,A,701,Daylight: no street lighting,Fine (without high winds),Dry,None,None,No overtaking,327150,670230,530089,Junction,M.V.N.P.,366023,unset,EH166AQ,Control by other authorised person,Pedestrian phase at traffic signal junction,At scene
560312,,Slight,1,1,11/09/2012,Tuesday,11,September,12,19,3,230,Unclassified,,Single carriageway - 2 lanes,20,'T' or staggered junction,Automatic Traffic Signal,Unclassified,,Daylight: no street lighting,Fine (without high winds),Dry,None,None,No overtaking,319940,671840,0,Unset,S.V.N.P.,357645,unset,EH129AL,Control by other authorised person,Pedestrian phase at traffic signal junction,At scene
561912,,Slight,2,2,09/10/2012,Tuesday,9,October,12,14,7,230,Unclassified,,Single carriageway - 2 lanes,30,Not at or within 20 metres of junction,unset,\,,Daylight: no street lighting,Fine (without high winds),Dry,None,None,No overtaking,319640,671870,522126,Junction,T.V.N.P.,366024,unset,EH129AD,No crossing facility within 50m or physical crossing facility not controlled by authorised person,No physical crossing facility within 50m,At scene
562012,,Slight,1,1,28/09/2012,Friday,28,September,12,9,40,230,Unclassified,,Single carriageway - 2 lanes,30,Other junction,Give way sign or markings,Unclassified,,Daylight: street lights present,Fine (without high winds),Dry,None,None,No overtaking,326750,675490,519888,Junction,Bus,357646,unset,EH65EQ,Control by other authorised person,No physical crossing facility within 50m,At scene
562312,,Slight,1,1,09/10/2012,Tuesday,9,October,12,13,5,230,Unclassified,,Single carriageway - 2 lanes,30,Not at or within 20 metres of junction,unset,\,,Daylight: no street lighting,Fine (without high winds),Dry,None,None,No overtaking,322530,670250,554747,Segment,Pedestrian,366025,unset,EH141DL,No crossing facility within 50m or physical crossing facility not controlled by authorised person,No physical crossing facility within 50m,At scene
562812,,Slight,2,1,09/10/2012,Tuesday,9,October,12,7,50,230,C,,Single carriageway - 2 lanes,30,Other junction,Automatic Traffic Signal,C,,Daylight: street lights present,Fine (without high winds),Dry,None,None,No overtaking,327580,669550,530152,Junction,Cyclist,366026,unset,EH166JA,No crossing facility within 50m or physical crossing facility not controlled by authorised person,No physical crossing facility within 50m,Elsewhere
563112,,Slight,2,2,09/10/2012,Tuesday,9,October,12,17,15,230,Unclassified,,Single carriageway - 2 lanes,60,'T' or staggered junction,Give way sign or markings,Unclassified,,Daylight: street lights present,Fine (without high winds),Dry,None,None,No overtaking,317110,668860,12230237,Junction,T.V.N.P.,366027,unset,EH144AB,No crossing facility within 50m or physical crossing facility not controlled by authorised person,No physical crossing facility within 50m,At scene